IO Bank,Pin Number,Site,Site Type,Min Trace Delay (ps),Max Trace Delay (ps),,
0,M12,IPAD_X0Y1,VN_0,85.40,86.26,85.83,
0,L11,IPAD_X0Y0,VP_0,76.94,77.72,77.33,
0,T12,,DONE_0,26.40,26.66,26.53,
0,N11,,DXP_0,95.69,96.65,96.17,
0,K12,,GNDADC_0,,,0.00,
0,K11,,VCCADC_0,,,0.00,
0,M11,,VREFP_0,104.90,105.95,105.42,
0,G9,,VCCBATT_0,,,0.00,
0,G11,,TCK_0,43.92,44.36,44.14,
0,N12,,DXN_0,100.10,101.10,100.60,
0,L12,,VREFN_0,104.72,105.77,105.24,
0,T14,,INIT_B_0,55.79,56.35,56.07,
0,H13,,TDI_0,116.50,117.67,117.09,
0,G14,,TDO_0,124.44,125.69,125.07,
0,T13,,CFGBVS_0,28.15,28.43,28.29,
0,T11,,PROGRAM_B_0,47.21,47.69,47.45,
0,G12,,TMS_0,113.16,114.30,113.73,
0,R12,,VCCO_0,,,0.00,
13,R7,IOB_X0Y49,IO_0_13,41.03,41.44,41.23,
13,V10,IOB_X0Y48,IO_L1P_T0_13,93.98,94.92,94.45,
13,V9,IOB_X0Y47,IO_L1N_T0_13,81.67,82.50,82.08,
13,V8,IOB_X0Y46,IO_L2P_T0_13,177.62,179.40,178.51,
13,W8,IOB_X0Y45,IO_L2N_T0_13,177.09,178.87,177.98,
13,W11,IOB_X0Y44,IO_L3P_T0_DQS_13,199.18,201.19,200.18,
13,W10,IOB_X0Y43,IO_L3N_T0_DQS_13,195.55,197.51,196.53,
13,V12,IOB_X0Y42,IO_L4P_T0_13,269.36,272.06,270.71,
13,W12,IOB_X0Y41,IO_L4N_T0_13,264.99,267.66,266.33,
13,U12,IOB_X0Y40,IO_L5P_T0_13,210.80,212.92,211.86,
13,U11,IOB_X0Y39,IO_L5N_T0_13,217.94,220.13,219.04,
13,U10,IOB_X0Y38,IO_L6P_T0_13,79.95,80.75,80.35,
13,U9,IOB_X0Y37,IO_L6N_T0_VREF_13,63.49,64.13,63.81,
13,AA12,IOB_X0Y36,IO_L7P_T1_13,146.59,148.07,147.33,
13,AB12,IOB_X0Y35,IO_L7N_T1_13,138.85,140.24,139.55,
13,AA11,IOB_X0Y34,IO_L8P_T1_13,155.21,156.77,155.99,
13,AB11,IOB_X0Y33,IO_L8N_T1_13,159.53,161.14,160.33,
13,AB10,IOB_X0Y32,IO_L9P_T1_DQS_13,137.68,139.06,138.37,
13,AB9,IOB_X0Y31,IO_L9N_T1_DQS_13,112.15,113.28,112.72,
13,Y11,IOB_X0Y30,IO_L10P_T1_13,141.94,143.37,142.66,
13,Y10,IOB_X0Y29,IO_L10N_T1_13,134.58,135.93,135.25,
13,AA9,IOB_X0Y28,IO_L11P_T1_SRCC_13,117.51,118.70,118.10,
13,AA8,IOB_X0Y27,IO_L11N_T1_SRCC_13,112.87,114.00,113.44,
13,Y9,IOB_X0Y26,IO_L12P_T1_MRCC_13,85.64,86.50,86.07,
13,Y8,IOB_X0Y25,IO_L12N_T1_MRCC_13,93.53,94.47,94.00,
13,Y6,IOB_X0Y24,IO_L13P_T2_MRCC_13,79.77,80.57,80.17,
13,Y5,IOB_X0Y23,IO_L13N_T2_MRCC_13,74.50,75.25,74.88,
13,AA7,IOB_X0Y22,IO_L14P_T2_SRCC_13,96.84,97.81,97.33,
13,AA6,IOB_X0Y21,IO_L14N_T2_SRCC_13,89.98,90.88,90.43,
13,AB2,IOB_X0Y20,IO_L15P_T2_DQS_13,98.84,99.84,99.34,
13,AB1,IOB_X0Y19,IO_L15N_T2_DQS_13,113.51,114.65,114.08,
13,AB5,IOB_X0Y18,IO_L16P_T2_13,76.11,76.87,76.49,
13,AB4,IOB_X0Y17,IO_L16N_T2_13,76.90,77.67,77.28,
13,AB7,IOB_X0Y16,IO_L17P_T2_13,90.32,91.23,90.77,
13,AB6,IOB_X0Y15,IO_L17N_T2_13,81.89,82.71,82.30,
13,Y4,IOB_X0Y14,IO_L18P_T2_13,55.10,55.66,55.38,
13,AA4,IOB_X0Y13,IO_L18N_T2_13,74.20,74.95,74.58,
13,R6,IOB_X0Y12,IO_L19P_T3_13,66.20,66.86,66.53,
13,T6,IOB_X0Y11,IO_L19N_T3_VREF_13,24.81,25.06,24.94,
13,T4,IOB_X0Y10,IO_L20P_T3_13,62.59,63.22,62.90,
13,U4,IOB_X0Y9,IO_L20N_T3_13,36.01,36.37,36.19,
13,V5,IOB_X0Y8,IO_L21P_T3_DQS_13,31.27,31.58,31.42,
13,V4,IOB_X0Y7,IO_L21N_T3_DQS_13,35.40,35.76,35.58,
13,U6,IOB_X0Y6,IO_L22P_T3_13,27.57,27.85,27.71,
13,U5,IOB_X0Y5,IO_L22N_T3_13,27.55,27.83,27.69,
13,V7,IOB_X0Y4,IO_L23P_T3_13,32.81,33.14,32.97,
13,W7,IOB_X0Y3,IO_L23N_T3_13,36.40,36.77,36.59,
13,W6,IOB_X0Y2,IO_L24P_T3_13,46.06,46.52,46.29,
13,W5,IOB_X0Y1,IO_L24N_T3_13,46.12,46.59,46.35,
13,U7,IOB_X0Y0,IO_25_13,25.62,25.87,25.74,
13,AA10,,VCCO_13,,,0.00,
13,AB3,,VCCO_13,,,0.00,
13,T5,,VCCO_13,,,0.00,
13,U8,,VCCO_13,,,0.00,
13,V11,,VCCO_13,,,0.00,
13,W4,,VCCO_13,,,0.00,
13,Y7,,VCCO_13,,,0.00,
33,U19,IOB_X1Y49,IO_0_33,53.06,53.59,53.32,
33,T21,IOB_X1Y48,IO_L1P_T0_33,54.43,54.98,54.70,
33,U21,IOB_X1Y47,IO_L1N_T0_33,70.41,71.11,70.76,
33,T22,IOB_X1Y46,IO_L2P_T0_33,63.02,63.66,63.34,
33,U22,IOB_X1Y45,IO_L2N_T0_33,71.68,72.40,72.04,
33,V22,IOB_X1Y44,IO_L3P_T0_DQS_33,77.37,78.15,77.76,
33,W22,IOB_X1Y43,IO_L3N_T0_DQS_33,71.65,72.37,72.01,
33,W20,IOB_X1Y42,IO_L4P_T0_33,88.74,89.63,89.18,
33,W21,IOB_X1Y41,IO_L4N_T0_33,75.69,76.45,76.07,
33,U20,IOB_X1Y40,IO_L5P_T0_33,55.61,56.17,55.89,
33,V20,IOB_X1Y39,IO_L5N_T0_33,78.08,78.87,78.48,
33,V18,IOB_X1Y38,IO_L6P_T0_33,69.33,70.03,69.68,
33,V19,IOB_X1Y37,IO_L6N_T0_VREF_33,51.38,51.90,51.64,
33,AA22,IOB_X1Y36,IO_L7P_T1_33,87.32,88.20,87.76,
33,AB22,IOB_X1Y35,IO_L7N_T1_33,96.88,97.85,97.36,
33,AA21,IOB_X1Y34,IO_L8P_T1_33,87.37,88.24,87.80,
33,AB21,IOB_X1Y33,IO_L8N_T1_33,98.64,99.63,99.13,
33,Y20,IOB_X1Y32,IO_L9P_T1_DQS_33,71.43,72.15,71.79,
33,Y21,IOB_X1Y31,IO_L9N_T1_DQS_33,72.72,73.45,73.08,
33,AB19,IOB_X1Y30,IO_L10P_T1_33,77.07,77.85,77.46,
33,AB20,IOB_X1Y29,IO_L10N_T1_33,87.72,88.60,88.16,
33,Y19,IOB_X1Y28,IO_L11P_T1_SRCC_33,93.84,94.78,94.31,
33,AA19,IOB_X1Y27,IO_L11N_T1_SRCC_33,81.52,82.33,81.92,
33,Y18,IOB_X1Y26,IO_L12P_T1_MRCC_33,78.94,79.74,79.34,
33,AA18,IOB_X1Y25,IO_L12N_T1_MRCC_33,75.81,76.57,76.19,
33,W17,IOB_X1Y24,IO_L13P_T2_MRCC_33,79.49,80.29,79.89,
33,W18,IOB_X1Y23,IO_L13N_T2_MRCC_33,69.85,70.55,70.20,
33,W16,IOB_X1Y22,IO_L14P_T2_SRCC_33,120.12,121.32,120.72,
33,Y16,IOB_X1Y21,IO_L14N_T2_SRCC_33,109.50,110.60,110.05,
33,U15,IOB_X1Y20,IO_L15P_T2_DQS_33,71.83,72.56,72.20,
33,U16,IOB_X1Y19,IO_L15N_T2_DQS_33,65.35,66.01,65.68,
33,U17,IOB_X1Y18,IO_L16P_T2_33,55.73,56.29,56.01,
33,V17,IOB_X1Y17,IO_L16N_T2_33,46.58,47.04,46.81,
33,AA17,IOB_X1Y16,IO_L17P_T2_33,79.43,80.23,79.83,
33,AB17,IOB_X1Y15,IO_L17N_T2_33,76.36,77.12,76.74,
33,AA16,IOB_X1Y14,IO_L18P_T2_33,70.78,71.49,71.13,
33,AB16,IOB_X1Y13,IO_L18N_T2_33,84.97,85.82,85.40,
33,V14,IOB_X1Y12,IO_L19P_T3_33,74.10,74.84,74.47,
33,V15,IOB_X1Y11,IO_L19N_T3_VREF_33,58.59,59.18,58.88,
33,V13,IOB_X1Y10,IO_L20P_T3_33,85.13,85.99,85.56,
33,W13,IOB_X1Y9,IO_L20N_T3_33,80.38,81.19,80.79,
33,W15,IOB_X1Y8,IO_L21P_T3_DQS_33,86.76,87.64,87.20,
33,Y15,IOB_X1Y7,IO_L21N_T3_DQS_33,84.30,85.15,84.72,
33,Y14,IOB_X1Y6,IO_L22P_T3_33,80.31,81.12,80.71,
33,AA14,IOB_X1Y5,IO_L22N_T3_33,74.67,75.42,75.04,
33,Y13,IOB_X1Y4,IO_L23P_T3_33,66.44,67.11,66.78,
33,AA13,IOB_X1Y3,IO_L23N_T3_33,64.92,65.58,65.25,
33,AB14,IOB_X1Y2,IO_L24P_T3_33,76.92,77.69,77.31,
33,AB15,IOB_X1Y1,IO_L24N_T3_33,68.27,68.96,68.61,
33,U14,IOB_X1Y0,IO_25_33,42.80,43.23,43.01,
33,AA20,,VCCO_33,,,0.00,
33,AB13,,VCCO_33,,,0.00,
33,U18,,VCCO_33,,,0.00,
33,V21,,VCCO_33,,,0.00,
33,W14,,VCCO_33,,,0.00,
33,Y17,,VCCO_33,,,0.00,
34,H15,IOB_X1Y99,IO_0_34,60.67,61.28,60.97,
34,J15,IOB_X1Y98,IO_L1P_T0_34,66.51,67.18,66.85,
34,K15,IOB_X1Y97,IO_L1N_T0_34,71.68,72.40,72.04,
34,J16,IOB_X1Y96,IO_L2P_T0_34,89.13,90.03,89.58,
34,J17,IOB_X1Y95,IO_L2N_T0_34,42.60,43.03,42.81,
34,K16,IOB_X1Y94,IO_L3P_T0_DQS_PUDC_B_34,69.68,70.38,70.03,
34,L16,IOB_X1Y93,IO_L3N_T0_DQS_34,57.71,58.29,58.00,
34,L17,IOB_X1Y92,IO_L4P_T0_34,105.12,106.18,105.65,
34,M17,IOB_X1Y91,IO_L4N_T0_34,117.79,118.97,118.38,
34,N17,IOB_X1Y90,IO_L5P_T0_34,133.61,134.95,134.28,
34,N18,IOB_X1Y89,IO_L5N_T0_34,116.46,117.63,117.04,
34,M15,IOB_X1Y88,IO_L6P_T0_34,66.37,67.04,66.70,
34,M16,IOB_X1Y87,IO_L6N_T0_VREF_34,39.37,39.77,39.57,
34,J18,IOB_X1Y86,IO_L7P_T1_34,58.04,58.62,58.33,
34,K18,IOB_X1Y85,IO_L7N_T1_34,50.58,51.09,50.83,
34,J21,IOB_X1Y84,IO_L8P_T1_34,51.59,52.11,51.85,
34,J22,IOB_X1Y83,IO_L8N_T1_34,67.71,68.39,68.05,
34,J20,IOB_X1Y82,IO_L9P_T1_DQS_34,49.63,50.13,49.88,
34,K21,IOB_X1Y81,IO_L9N_T1_DQS_34,48.89,49.38,49.14,
34,L21,IOB_X1Y80,IO_L10P_T1_34,36.87,37.24,37.06,
34,L22,IOB_X1Y79,IO_L10N_T1_34,46.33,46.79,46.56,
34,K19,IOB_X1Y78,IO_L11P_T1_SRCC_34,48.27,48.75,48.51,
34,K20,IOB_X1Y77,IO_L11N_T1_SRCC_34,43.41,43.85,43.63,
34,L18,IOB_X1Y76,IO_L12P_T1_MRCC_34,42.39,42.82,42.61,
34,L19,IOB_X1Y75,IO_L12N_T1_MRCC_34,53.31,53.85,53.58,
34,M19,IOB_X1Y74,IO_L13P_T2_MRCC_34,32.18,32.50,32.34,
34,M20,IOB_X1Y73,IO_L13N_T2_MRCC_34,37.45,37.82,37.64,
34,N19,IOB_X1Y72,IO_L14P_T2_SRCC_34,61.93,62.55,62.24,
34,N20,IOB_X1Y71,IO_L14N_T2_SRCC_34,39.37,39.77,39.57,
34,M21,IOB_X1Y70,IO_L15P_T2_DQS_34,55.00,55.56,55.28,
34,M22,IOB_X1Y69,IO_L15N_T2_DQS_34,60.21,60.82,60.51,
34,N22,IOB_X1Y68,IO_L16P_T2_34,60.71,61.32,61.01,
34,P22,IOB_X1Y67,IO_L16N_T2_34,61.66,62.28,61.97,
34,R20,IOB_X1Y66,IO_L17P_T2_34,93.69,94.63,94.16,
34,R21,IOB_X1Y65,IO_L17N_T2_34,84.94,85.79,85.36,
34,P20,IOB_X1Y64,IO_L18P_T2_34,75.14,75.90,75.52,
34,P21,IOB_X1Y63,IO_L18N_T2_34,60.80,61.41,61.10,
34,N15,IOB_X1Y62,IO_L19P_T3_34,85.99,86.86,86.42,
34,P15,IOB_X1Y61,IO_L19N_T3_VREF_34,44.47,44.92,44.69,
34,P17,IOB_X1Y60,IO_L20P_T3_34,90.02,90.92,90.47,
34,P18,IOB_X1Y59,IO_L20N_T3_34,46.77,47.24,47.01,
34,T16,IOB_X1Y58,IO_L21P_T3_DQS_34,128.34,129.63,128.98,
34,T17,IOB_X1Y57,IO_L21N_T3_DQS_34,122.14,123.36,122.75,
34,R19,IOB_X1Y56,IO_L22P_T3_34,62.31,62.94,62.62,
34,T19,IOB_X1Y55,IO_L22N_T3_34,65.14,65.80,65.47,
34,R18,IOB_X1Y54,IO_L23P_T3_34,54.96,55.51,55.24,
34,T18,IOB_X1Y53,IO_L23N_T3_34,64.98,65.64,65.31,
34,P16,IOB_X1Y52,IO_L24P_T3_34,43.70,44.14,43.92,
34,R16,IOB_X1Y51,IO_L24N_T3_34,68.23,68.91,68.57,
34,R15,IOB_X1Y50,IO_25_34,53.79,54.33,54.06,
34,K17,,VCCO_34,,,0.00,
34,L20,,VCCO_34,,,0.00,
34,N16,,VCCO_34,,,0.00,
34,P19,,VCCO_34,,,0.00,
34,R22,,VCCO_34,,,0.00,
34,T15,,VCCO_34,,,0.00,
35,H17,IOB_X1Y149,IO_0_35,49.82,50.32,50.07,
35,F16,IOB_X1Y148,IO_L1P_T0_AD0P_35,54.37,54.92,54.65,
35,E16,IOB_X1Y147,IO_L1N_T0_AD0N_35,34.62,34.97,34.79,
35,D16,IOB_X1Y146,IO_L2P_T0_AD8P_35,43.75,44.19,43.97,
35,D17,IOB_X1Y145,IO_L2N_T0_AD8N_35,32.97,33.30,33.13,
35,E15,IOB_X1Y144,IO_L3P_T0_DQS_AD1P_35,79.85,80.65,80.25,
35,D15,IOB_X1Y143,IO_L3N_T0_DQS_AD1N_35,77.79,78.57,78.18,
35,G15,IOB_X1Y142,IO_L4P_T0_35,66.40,67.07,66.73,
35,G16,IOB_X1Y141,IO_L4N_T0_35,59.67,60.27,59.97,
35,F18,IOB_X1Y140,IO_L5P_T0_AD9P_35,31.79,32.11,31.95,
35,E18,IOB_X1Y139,IO_L5N_T0_AD9N_35,37.42,37.79,37.61,
35,G17,IOB_X1Y138,IO_L6P_T0_35,48.74,49.23,48.98,
35,F17,IOB_X1Y137,IO_L6N_T0_VREF_35,38.75,39.14,38.95,
35,C15,IOB_X1Y136,IO_L7P_T1_AD2P_35,73.08,73.82,73.45,
35,B15,IOB_X1Y135,IO_L7N_T1_AD2N_35,76.80,77.57,77.19,
35,B16,IOB_X1Y134,IO_L8P_T1_AD10P_35,77.42,78.20,77.81,
35,B17,IOB_X1Y133,IO_L8N_T1_AD10N_35,78.76,79.55,79.16,
35,A16,IOB_X1Y132,IO_L9P_T1_DQS_AD3P_35,85.96,86.82,86.39,
35,A17,IOB_X1Y131,IO_L9N_T1_DQS_AD3N_35,84.74,85.60,85.17,
35,A18,IOB_X1Y130,IO_L10P_T1_AD11P_35,73.63,74.37,74.00,
35,A19,IOB_X1Y129,IO_L10N_T1_AD11N_35,74.68,75.43,75.06,
35,C17,IOB_X1Y128,IO_L11P_T1_SRCC_35,77.37,78.14,77.76,
35,C18,IOB_X1Y127,IO_L11N_T1_SRCC_35,71.35,72.07,71.71,
35,D18,IOB_X1Y126,IO_L12P_T1_MRCC_35,105.56,106.62,106.09,
35,C19,IOB_X1Y125,IO_L12N_T1_MRCC_35,100.75,101.76,101.26,
35,B19,IOB_X1Y124,IO_L13P_T2_MRCC_35,71.82,72.54,72.18,
35,B20,IOB_X1Y123,IO_L13N_T2_MRCC_35,79.63,80.43,80.03,
35,D20,IOB_X1Y122,IO_L14P_T2_AD4P_SRCC_35,74.64,75.39,75.01,
35,C20,IOB_X1Y121,IO_L14N_T2_AD4N_SRCC_35,66.74,67.41,67.08,
35,A21,IOB_X1Y120,IO_L15P_T2_DQS_AD12P_35,89.06,89.95,89.51,
35,A22,IOB_X1Y119,IO_L15N_T2_DQS_AD12N_35,91.11,92.02,91.56,
35,D22,IOB_X1Y118,IO_L16P_T2_35,80.09,80.90,80.49,
35,C22,IOB_X1Y117,IO_L16N_T2_35,87.38,88.26,87.82,
35,E21,IOB_X1Y116,IO_L17P_T2_AD5P_35,74.58,75.33,74.95,
35,D21,IOB_X1Y115,IO_L17N_T2_AD5N_35,81.15,81.96,81.56,
35,B21,IOB_X1Y114,IO_L18P_T2_AD13P_35,98.58,99.57,99.08,
35,B22,IOB_X1Y113,IO_L18N_T2_AD13N_35,93.96,94.90,94.43,
35,H19,IOB_X1Y112,IO_L19P_T3_35,29.59,29.89,29.74,
35,H20,IOB_X1Y111,IO_L19N_T3_VREF_35,42.63,43.06,42.85,
35,G19,IOB_X1Y110,IO_L20P_T3_AD6P_35,39.91,40.32,40.11,
35,F19,IOB_X1Y109,IO_L20N_T3_AD6N_35,56.85,57.43,57.14,
35,E19,IOB_X1Y108,IO_L21P_T3_DQS_AD14P_35,101.89,102.91,102.40,
35,E20,IOB_X1Y107,IO_L21N_T3_DQS_AD14N_35,97.64,98.62,98.13,
35,G20,IOB_X1Y106,IO_L22P_T3_AD7P_35,50.42,50.92,50.67,
35,G21,IOB_X1Y105,IO_L22N_T3_AD7N_35,54.01,54.55,54.28,
35,F21,IOB_X1Y104,IO_L23P_T3_35,99.30,100.30,99.80,
35,F22,IOB_X1Y103,IO_L23N_T3_35,82.07,82.90,82.48,
35,H22,IOB_X1Y102,IO_L24P_T3_AD15P_35,51.57,52.09,51.83,
35,G22,IOB_X1Y101,IO_L24N_T3_AD15N_35,64.86,65.52,65.19,
35,H18,IOB_X1Y100,IO_25_35,44.99,45.44,45.21,
35,A20,,VCCO_35,,,0.00,
35,C16,,VCCO_35,,,0.00,
35,D19,,VCCO_35,,,0.00,
35,E22,,VCCO_35,,,0.00,
35,F15,,VCCO_35,,,0.00,
35,G18,,VCCO_35,,,0.00,
35,H21,,VCCO_35,,,0.00,
500,F7,IOPAD_X1Y26,PS_CLK_500,39.08,39.48,39.28,
500,B5,IOPAD_X1Y132,PS_POR_B_500,50.43,50.94,50.69,
500,E6,IOPAD_X1Y92,PS_MIO15_500,37.05,37.42,37.24,
500,B6,IOPAD_X1Y91,PS_MIO14_500,56.05,56.62,56.34,
500,A6,IOPAD_X1Y90,PS_MIO13_500,61.37,61.98,61.67,
500,C5,IOPAD_X1Y89,PS_MIO12_500,54.77,55.32,55.05,
500,B4,IOPAD_X1Y88,PS_MIO11_500,56.41,56.98,56.69,
500,G7,IOPAD_X1Y87,PS_MIO10_500,30.83,31.14,30.99,
500,C4,IOPAD_X1Y86,PS_MIO9_500,48.43,48.92,48.67,
500,E5,IOPAD_X1Y85,PS_MIO8_500,34.96,35.31,35.13,
500,D5,IOPAD_X1Y84,PS_MIO7_500,50.61,51.12,50.87,
500,A4,IOPAD_X1Y83,PS_MIO6_500,72.24,72.96,72.60,
500,A3,IOPAD_X1Y82,PS_MIO5_500,71.33,72.05,71.69,
500,E4,IOPAD_X1Y81,PS_MIO4_500,37.44,37.81,37.62,
500,F6,IOPAD_X1Y80,PS_MIO3_500,43.99,44.43,44.21,
500,A2,IOPAD_X1Y79,PS_MIO2_500,72.50,73.23,72.86,
500,A1,IOPAD_X1Y78,PS_MIO1_500,81.40,82.22,81.81,
500,G6,IOPAD_X1Y77,PS_MIO0_500,36.84,37.21,37.02,
500,B3,,VCCO_MIO0_500,,,0.00,
500,C6,,VCCO_MIO0_500,,,0.00,
501,E9,IOPAD_X1Y94,PS_MIO17_501,53.12,53.66,53.39,
501,E10,IOPAD_X1Y96,PS_MIO19_501,61.91,62.53,62.22,
501,F11,IOPAD_X1Y98,PS_MIO21_501,76.81,77.58,77.19,
501,E11,IOPAD_X1Y100,PS_MIO23_501,75.01,75.76,75.38,
501,F12,IOPAD_X1Y102,PS_MIO25_501,66.92,67.60,67.26,
501,D7,IOPAD_X1Y104,PS_MIO27_501,35.58,35.93,35.75,
501,E8,IOPAD_X1Y106,PS_MIO29_501,40.66,41.07,40.87,
501,F9,IOPAD_X1Y108,PS_MIO31_501,42.65,43.07,42.86,
501,G13,IOPAD_X1Y110,PS_MIO33_501,90.16,91.07,90.62,
501,F14,IOPAD_X1Y112,PS_MIO35_501,73.39,74.13,73.76,
501,F13,IOPAD_X1Y115,PS_MIO38_501,81.96,82.79,82.37,
501,E14,IOPAD_X1Y117,PS_MIO40_501,117.62,118.80,118.21,
501,D8,IOPAD_X1Y119,PS_MIO42_501,30.25,30.55,30.40,
501,E13,IOPAD_X1Y121,PS_MIO44_501,59.26,59.86,59.56,
501,D12,IOPAD_X1Y123,PS_MIO46_501,71.81,72.54,72.18,
501,D11,IOPAD_X1Y125,PS_MIO48_501,52.11,52.63,52.37,
501,D13,IOPAD_X1Y127,PS_MIO50_501,62.40,63.03,62.72,
501,D10,IOPAD_X1Y129,PS_MIO52_501,34.64,34.99,34.82,
501,C9,IOPAD_X1Y134,PS_SRST_B_501,44.89,45.34,45.12,
501,D6,IOPAD_X1Y93,PS_MIO16_501,44.91,45.36,45.14,
501,A7,IOPAD_X1Y95,PS_MIO18_501,72.39,73.12,72.75,
501,A8,IOPAD_X1Y97,PS_MIO20_501,77.12,77.89,77.51,
501,A14,IOPAD_X1Y99,PS_MIO22_501,116.62,117.80,117.21,
501,B7,IOPAD_X1Y101,PS_MIO24_501,56.47,57.03,56.75,
501,A13,IOPAD_X1Y103,PS_MIO26_501,100.62,101.64,101.13,
501,A12,IOPAD_X1Y105,PS_MIO28_501,88.39,89.28,88.84,
501,A11,IOPAD_X1Y107,PS_MIO30_501,76.24,77.01,76.62,
501,C7,IOPAD_X1Y109,PS_MIO32_501,44.92,45.37,45.14,
501,B12,IOPAD_X1Y111,PS_MIO34_501,80.33,81.14,80.73,
501,A9,IOPAD_X1Y113,PS_MIO36_501,59.31,59.90,59.60,
501,B14,IOPAD_X1Y114,PS_MIO37_501,90.73,91.64,91.19,
501,C13,IOPAD_X1Y116,PS_MIO39_501,83.67,84.51,84.09,
501,C8,IOPAD_X1Y118,PS_MIO41_501,41.11,41.52,41.31,
501,B11,IOPAD_X1Y120,PS_MIO43_501,68.51,69.20,68.85,
501,B9,IOPAD_X1Y122,PS_MIO45_501,48.05,48.53,48.29,
501,B10,IOPAD_X1Y124,PS_MIO47_501,51.36,51.88,51.62,
501,C14,IOPAD_X1Y126,PS_MIO49_501,73.24,73.97,73.60,
501,C10,IOPAD_X1Y128,PS_MIO51_501,40.85,41.26,41.06,
501,C12,IOPAD_X1Y130,PS_MIO53_501,46.07,46.53,46.30,
501,F8,,PS_MIO_VREF_501,18.08,18.27,18.17,
501,A10,,VCCO_MIO1_501,,,0.00,
501,B13,,VCCO_MIO1_501,,,0.00,
501,D9,,VCCO_MIO1_501,,,0.00,
501,E12,,VCCO_MIO1_501,,,0.00,
502,F3,IOPAD_X1Y72,PS_DDR_DRST_B_502,35.93,36.29,36.11,216.68
502,D1,IOPAD_X1Y32,PS_DDR_DQ0_502,65.36,66.02,65.69,394.15
502,C3,IOPAD_X1Y33,PS_DDR_DQ1_502,67.74,68.42,68.08,408.49
502,B2,IOPAD_X1Y34,PS_DDR_DQ2_502,67.27,67.95,67.61,405.66
502,D3,IOPAD_X1Y35,PS_DDR_DQ3_502,59.30,59.90,59.60,357.59
502,B1,IOPAD_X1Y28,PS_DDR_DM0_502,74.04,74.78,74.41,446.45
502,C2,IOPAD_X1Y68,PS_DDR_DQS_P0_502,68.93,69.62,69.27,415.63
502,D2,IOPAD_X1Y64,PS_DDR_DQS_N0_502,67.33,68.00,67.67,405.99
502,E3,IOPAD_X1Y36,PS_DDR_DQ4_502,71.16,71.88,71.52,429.12
502,E1,IOPAD_X1Y37,PS_DDR_DQ5_502,64.02,64.67,64.35,386.07
502,F2,IOPAD_X1Y38,PS_DDR_DQ6_502,56.46,57.03,56.75,340.48
502,F1,IOPAD_X1Y39,PS_DDR_DQ7_502,57.90,58.49,58.19,349.16
502,G2,IOPAD_X1Y40,PS_DDR_DQ8_502,59.38,59.98,59.68,358.09
502,G1,IOPAD_X1Y41,PS_DDR_DQ9_502,56.93,57.50,57.22,343.31
502,L1,IOPAD_X1Y42,PS_DDR_DQ10_502,75.03,75.78,75.41,452.44
502,L2,IOPAD_X1Y43,PS_DDR_DQ11_502,71.26,71.98,71.62,429.71
502,H3,IOPAD_X1Y29,PS_DDR_DM1_502,58.79,59.38,59.09,354.53
502,H2,IOPAD_X1Y69,PS_DDR_DQS_P1_502,69.46,70.15,69.81,418.83
502,J2,IOPAD_X1Y65,PS_DDR_DQS_N1_502,71.99,72.72,72.35,434.12
502,L3,IOPAD_X1Y44,PS_DDR_DQ12_502,63.80,64.44,64.12,384.74
502,K1,IOPAD_X1Y45,PS_DDR_DQ13_502,59.18,59.77,59.47,356.84
502,J1,IOPAD_X1Y46,PS_DDR_DQ14_502,51.59,52.11,51.85,311.09
502,K3,IOPAD_X1Y47,PS_DDR_DQ15_502,67.04,67.72,67.38,404.27
502,G4,IOPAD_X1Y17,PS_DDR_A14_502,58.24,58.82,58.53,351.17
502,F4,IOPAD_X1Y18,PS_DDR_A13_502,70.85,71.56,71.21,427.24
502,H4,IOPAD_X1Y16,PS_DDR_A12_502,51.00,51.52,51.26,307.56
502,G5,IOPAD_X1Y15,PS_DDR_A11_502,51.91,52.43,52.17,313.00
502,J3,IOPAD_X1Y14,PS_DDR_A10_502,43.62,44.06,43.84,263.03
502,H5,IOPAD_X1Y13,PS_DDR_A9_502,53.41,53.95,53.68,322.07
502,J5,IOPAD_X1Y12,PS_DDR_A8_502,50.29,50.79,50.54,303.23
502,J6,IOPAD_X1Y11,PS_DDR_A7_502,45.28,45.74,45.51,273.05
502,J7,IOPAD_X1Y10,PS_DDR_A6_502,50.29,50.80,50.55,303.28
502,K5,IOPAD_X1Y9,PS_DDR_A5_502,48.19,48.67,48.43,290.58
502,K6,IOPAD_X1Y8,PS_DDR_A4_502,58.87,59.46,59.17,355.00
502,L4,IOPAD_X1Y7,PS_DDR_A3_502,42.90,43.33,43.11,258.68
502,M7,IOPAD_X1Y2,PS_DDR_VRN_502,71.54,72.25,71.89,431.37
502,N7,IOPAD_X1Y3,PS_DDR_VRP_502,79.32,80.11,79.71,478.29
502,N4,IOPAD_X1Y25,PS_DDR_CKP_502,62.22,62.84,62.53,375.17
502,N5,IOPAD_X1Y24,PS_DDR_CKN_502,59.34,59.94,59.64,357.83
502,K4,IOPAD_X1Y6,PS_DDR_A2_502,42.06,42.48,42.27,253.64
502,M5,IOPAD_X1Y5,PS_DDR_A1_502,46.90,47.37,47.13,282.78
502,M4,IOPAD_X1Y4,PS_DDR_A0_502,44.46,44.91,44.68,268.11
502,M6,IOPAD_X1Y21,PS_DDR_BA2_502,50.94,51.45,51.19,307.15
502,L6,IOPAD_X1Y20,PS_DDR_BA1_502,60.45,61.06,60.76,364.53
502,L7,IOPAD_X1Y19,PS_DDR_BA0_502,49.07,49.56,49.31,295.89
502,P5,IOPAD_X1Y131,PS_DDR_ODT_502,64.59,65.24,64.92,389.50
502,P6,IOPAD_X1Y27,PS_DDR_CS_B_502,80.88,81.69,81.28,487.70
502,V3,IOPAD_X1Y23,PS_DDR_CKE_502,122.91,124.15,123.53,741.19
502,R4,IOPAD_X1Y1,PS_DDR_WE_B_502,107.73,108.81,108.27,649.62
502,P3,IOPAD_X1Y22,PS_DDR_CAS_B_502,49.61,50.10,49.86,299.13
502,R5,IOPAD_X1Y133,PS_DDR_RAS_B_502,81.81,82.63,82.22,493.30
502,M1,IOPAD_X1Y48,PS_DDR_DQ16_502,62.19,62.82,62.50,375.03
502,T3,IOPAD_X1Y49,PS_DDR_DQ17_502,84.32,85.17,84.75,508.48
502,N3,IOPAD_X1Y50,PS_DDR_DQ18_502,51.75,52.27,52.01,312.06
502,T1,IOPAD_X1Y51,PS_DDR_DQ19_502,79.04,79.83,79.44,476.61
502,P1,IOPAD_X1Y30,PS_DDR_DM2_502,64.52,65.17,64.84,389.06
502,N2,IOPAD_X1Y70,PS_DDR_DQS_P2_502,66.37,67.04,66.70,400.22
502,P2,IOPAD_X1Y66,PS_DDR_DQS_N2_502,66.55,67.22,66.88,401.31
502,R3,IOPAD_X1Y52,PS_DDR_DQ20_502,55.34,55.89,55.61,333.68
502,T2,IOPAD_X1Y53,PS_DDR_DQ21_502,83.13,83.96,83.54,501.26
502,M2,IOPAD_X1Y54,PS_DDR_DQ22_502,51.96,52.48,52.22,313.30
502,R1,IOPAD_X1Y55,PS_DDR_DQ23_502,66.71,67.38,67.05,402.27
502,AA3,IOPAD_X1Y56,PS_DDR_DQ24_502,117.69,118.87,118.28,709.66
502,U1,IOPAD_X1Y57,PS_DDR_DQ25_502,93.90,94.84,94.37,566.21
502,AA1,IOPAD_X1Y58,PS_DDR_DQ26_502,89.60,90.50,90.05,540.29
502,U2,IOPAD_X1Y59,PS_DDR_DQ27_502,91.23,92.15,91.69,550.15
502,AA2,IOPAD_X1Y31,PS_DDR_DM3_502,90.55,91.46,91.01,546.03
502,V2,IOPAD_X1Y71,PS_DDR_DQS_P3_502,109.89,110.99,110.44,662.63
502,W2,IOPAD_X1Y67,PS_DDR_DQS_N3_502,106.49,107.56,107.02,642.13
502,W1,IOPAD_X1Y60,PS_DDR_DQ28_502,99.21,100.21,99.71,598.27
502,Y3,IOPAD_X1Y61,PS_DDR_DQ29_502,120.00,121.21,120.60,723.61
502,W3,IOPAD_X1Y62,PS_DDR_DQ30_502,120.17,121.38,120.78,724.66
502,Y1,IOPAD_X1Y63,PS_DDR_DQ31_502,97.28,98.25,97.77,586.59
502,E2,,VCCO_DDR_502,,,0.00,0.00
502,F5,,VCCO_DDR_502,,,0.00,0.00
502,H1,,VCCO_DDR_502,,,0.00,0.00
502,J4,,VCCO_DDR_502,,,0.00,0.00
502,K7,,VCCO_DDR_502,,,0.00,0.00
502,M3,,VCCO_DDR_502,,,0.00,0.00
502,N6,,VCCO_DDR_502,,,0.00,0.00
502,R2,,VCCO_DDR_502,,,0.00,0.00
502,V1,,VCCO_DDR_502,,,0.00,0.00
502,H7,,PS_DDR_VREF0_502,33.22,33.55,33.38,200.31
502,P7,,PS_DDR_VREF1_502,47.49,47.97,47.73,286.37
,G10,,RSVDGND,75.60,76.36,75.98,455.88
,T10,,RSVDVCC3,70.47,71.17,70.82,424.92
,T8,,RSVDVCC2,103.16,104.20,103.68,622.07
,T7,,RSVDVCC1,71.23,71.95,71.59,429.54
,A5,,GND,,,,
,A15,,GND,,,,
,AA5,,GND,,,,
,AA15,,GND,,,,
,AB8,,GND,,,,
,AB18,,GND,,,,
,B8,,GND,,,,
,B18,,GND,,,,
,C1,,GND,,,,
,C11,,GND,,,,
,C21,,GND,,,,
,D4,,GND,,,,
,D14,,GND,,,,
,E7,,GND,,,,
,E17,,GND,,,,
,F10,,GND,,,,
,F20,,GND,,,,
,G3,,GND,,,,
,H6,,GND,,,,
,H8,,GND,,,,
,H12,,GND,,,,
,H14,,GND,,,,
,H16,,GND,,,,
,J9,,GND,,,,
,J11,,GND,,,,
,J13,,GND,,,,
,J19,,GND,,,,
,K2,,GND,,,,
,K8,,GND,,,,
,K10,,GND,,,,
,K14,,GND,,,,
,K22,,GND,,,,
,L5,,GND,,,,
,L9,,GND,,,,
,L13,,GND,,,,
,L15,,GND,,,,
,M8,,GND,,,,
,M10,,GND,,,,
,M14,,GND,,,,
,M18,,GND,,,,
,N1,,GND,,,,
,N9,,GND,,,,
,N13,,GND,,,,
,N21,,GND,,,,
,P4,,GND,,,,
,P8,,GND,,,,
,P10,,GND,,,,
,P12,,GND,,,,
,P14,,GND,,,,
,R9,,GND,,,,
,R11,,GND,,,,
,R13,,GND,,,,
,R17,,GND,,,,
,T20,,GND,,,,
,U3,,GND,,,,
,U13,,GND,,,,
,V6,,GND,,,,
,V16,,GND,,,,
,W9,,GND,,,,
,W19,,GND,,,,
,Y2,,GND,,,,
,Y12,,GND,,,,
,Y22,,GND,,,,
,J12,,VCCINT,,,,
,J14,,VCCINT,,,,
,K13,,VCCINT,,,,
,L14,,VCCINT,,,,
,M13,,VCCINT,,,,
,N14,,VCCINT,,,,
,P13,,VCCINT,,,,
,R14,,VCCINT,,,,
,L10,,VCCAUX,,,,
,N10,,VCCAUX,,,,
,P11,,VCCAUX,,,,
,R10,,VCCAUX,,,,
,H11,,VCCBRAM,,,,
,J10,,VCCBRAM,,,,
,H10,,VCCPLL,38.249,38.633,,
,K9,,VCCPAUX,,,,
,M9,,VCCPAUX,,,,
,P9,,VCCPAUX,,,,
,T9,,VCCPAUX,,,,
,G8,,VCCPINT,,,,
,H9,,VCCPINT,,,,
,J8,,VCCPINT,,,,
,L8,,VCCPINT,,,,
,N8,,VCCPINT,,,,
,R8,,VCCPINT,,,,
